video_id,category,condition,severity,n_frames,n_compared_frames,mean_px_dev,oks,conf_drop
Abuse030,Abuse,clean_ref,0,155,155,27.6518,0.0434,-0.0079
Abuse030,Abuse,gaussian_noise,3,155,155,33.2929,0.0087,0.0919
Abuse030,Abuse,gaussian_noise,4,155,155,35.2077,0.0068,0.093
Abuse030,Abuse,gaussian_noise,5,155,155,35.2773,0.0044,0.1043
Abuse030,Abuse,brightness,5,155,155,20.6085,0.0538,0.058
Arrest030,Arrest,clean_ref,0,865,865,5.7412,0.2899,0.1257
Arrest030,Arrest,gaussian_noise,3,865,865,26.7455,0.0068,0.1277
Arrest030,Arrest,gaussian_noise,4,865,865,28.1637,0.004,0.138
Arrest030,Arrest,gaussian_noise,5,865,865,29.032,0.0028,0.1446
Arrest030,Arrest,brightness,5,865,865,11.0578,0.1382,0.0255
Arson010,Arson,clean_ref,0,316,316,17.0399,0.1973,0.0662
Arson010,Arson,gaussian_noise,3,316,316,23.6697,0.0447,0.0055
Arson010,Arson,gaussian_noise,4,316,316,22.529,0.0412,0.006
Arson010,Arson,gaussian_noise,5,316,316,23.3003,0.027,0.027
Arson010,Arson,brightness,5,316,316,13.1984,0.1817,-0.0131
Arson016,Arson,clean_ref,0,180,180,10.689,0.2841,0.0798
Arson016,Arson,gaussian_noise,3,180,180,25.285,0.0309,0.0417
Arson016,Arson,gaussian_noise,4,180,180,26.625,0.0237,0.052
Arson016,Arson,gaussian_noise,5,180,180,27.4553,0.0171,0.0631
Arson016,Arson,brightness,5,180,180,15.2883,0.224,-0.0188
Assault006,Assault,clean_ref,0,810,810,6.7688,0.4607,0.1111
Assault006,Assault,gaussian_noise,3,810,810,21.6031,0.0443,0.1527
Assault006,Assault,gaussian_noise,4,810,810,24.2535,0.0262,0.1601
Assault006,Assault,gaussian_noise,5,810,810,26.0216,0.0199,0.1619
Assault006,Assault,brightness,5,810,810,14.9672,0.2274,0.049
Burglary005,Burglary,clean_ref,0,773,773,12.759,0.4219,0.066
Burglary005,Burglary,gaussian_noise,3,773,773,23.5055,0.0711,0.1547
Burglary005,Burglary,gaussian_noise,4,773,773,28.078,0.0412,0.1877
Burglary005,Burglary,gaussian_noise,5,773,773,33.2329,0.0223,0.2171
Burglary005,Burglary,brightness,5,773,773,16.6166,0.1638,0.0688
Burglary092,Burglary,clean_ref,0,63,63,6.5814,0.2674,0.0886
Burglary092,Burglary,gaussian_noise,3,63,63,28.8208,0.0041,0.0887
Burglary092,Burglary,gaussian_noise,4,63,63,30.7123,0.0022,0.099
Burglary092,Burglary,gaussian_noise,5,63,63,31.8119,0.0015,0.1044
Burglary092,Burglary,brightness,5,63,63,17.8816,0.1548,0.0257
Explosion021,Explosion,clean_ref,0,79,79,11.9573,0.1796,0.0574
Explosion021,Explosion,gaussian_noise,3,79,79,27.9844,0.0247,0.0568
Explosion021,Explosion,gaussian_noise,4,79,79,30.3093,0.0198,0.0645
Explosion021,Explosion,gaussian_noise,5,79,79,30.3269,0.0163,0.0767
Explosion021,Explosion,brightness,5,79,79,15.3172,0.113,0.0238
Explosion025,Explosion,clean_ref,0,51,51,8.6246,0.3217,0.1164
Explosion025,Explosion,gaussian_noise,3,51,51,29.3476,0.0409,0.0488
Explosion025,Explosion,gaussian_noise,4,51,51,30.6073,0.0295,0.0577
Explosion025,Explosion,gaussian_noise,5,51,51,31.6646,0.0218,0.0785
Explosion025,Explosion,brightness,5,51,51,13.1803,0.3687,0.0322
Explosion028,Explosion,clean_ref,0,171,171,6.8961,0.3198,0.0439
Explosion028,Explosion,gaussian_noise,3,171,171,24.9476,0.013,0.1795
Explosion028,Explosion,gaussian_noise,4,171,171,27.6291,0.0063,0.1856
Explosion028,Explosion,gaussian_noise,5,171,171,29.8931,0.0037,0.1897
Explosion028,Explosion,brightness,5,171,171,20.1401,0.0585,0.0117
Explosion036,Explosion,clean_ref,0,533,533,7.5259,0.2864,0.0864
Explosion036,Explosion,gaussian_noise,3,533,533,34.3232,0.004,0.1378
Explosion036,Explosion,gaussian_noise,4,533,533,34.8013,0.0029,0.1449
Explosion036,Explosion,gaussian_noise,5,533,533,35.5123,0.0024,0.1481
Explosion036,Explosion,brightness,5,533,533,12.8285,0.2565,0.0237
Fighting042,Fighting,clean_ref,0,224,224,4.2899,0.5462,0.0828
Fighting042,Fighting,gaussian_noise,3,224,224,20.7613,0.0662,0.2433
Fighting042,Fighting,gaussian_noise,4,224,224,25.3613,0.0193,0.2764
Fighting042,Fighting,gaussian_noise,5,224,224,26.675,0.0097,0.2841
Fighting042,Fighting,brightness,5,224,224,8.321,0.3886,0.0457
Normal_Videos_003,NormalVideos,clean_ref,0,283,283,12.7857,0.2086,0.0492
Normal_Videos_003,NormalVideos,gaussian_noise,3,283,283,27.1716,0.0435,0.0194
Normal_Videos_003,NormalVideos,gaussian_noise,4,283,283,29.6814,0.0237,0.0339
Normal_Videos_003,NormalVideos,gaussian_noise,5,283,283,30.3413,0.0186,0.0407
Normal_Videos_003,NormalVideos,brightness,5,283,283,13.5386,0.2341,0.0362
Normal_Videos_014,NormalVideos,clean_ref,0,150,150,16.9055,0.0669,0.0355
Normal_Videos_014,NormalVideos,gaussian_noise,3,150,150,20.5357,0.0338,0.0697
Normal_Videos_014,NormalVideos,gaussian_noise,4,150,150,23.2051,0.0163,0.1096
Normal_Videos_014,NormalVideos,gaussian_noise,5,150,150,30.2127,0.006,0.1281
Normal_Videos_014,NormalVideos,brightness,5,150,150,18.112,0.098,-0.0043
Normal_Videos_015,NormalVideos,clean_ref,0,48,48,20.4896,0.232,0.0495
Normal_Videos_015,NormalVideos,gaussian_noise,3,48,48,26.2086,0.0892,0.0336
Normal_Videos_015,NormalVideos,gaussian_noise,4,48,48,28.0713,0.0606,0.0542
Normal_Videos_015,NormalVideos,gaussian_noise,5,48,48,28.0271,0.0562,0.0594
Normal_Videos_015,NormalVideos,brightness,5,48,48,18.6404,0.1578,0.0294
Normal_Videos_034,NormalVideos,clean_ref,0,132,132,16.9794,0.1264,0.1737
Normal_Videos_034,NormalVideos,gaussian_noise,3,132,132,20.3333,0.0213,0.0677
Normal_Videos_034,NormalVideos,gaussian_noise,4,132,132,22.4063,0.0195,0.1098
Normal_Videos_034,NormalVideos,gaussian_noise,5,132,132,25.8229,0.0083,0.1394
Normal_Videos_034,NormalVideos,brightness,5,132,132,17.8169,0.0662,-0.0082
Normal_Videos_041,NormalVideos,clean_ref,0,127,127,16.6798,0.1951,0.0817
Normal_Videos_041,NormalVideos,gaussian_noise,3,127,127,25.8481,0.0281,0.0359
Normal_Videos_041,NormalVideos,gaussian_noise,4,127,127,25.792,0.0314,0.044
Normal_Videos_041,NormalVideos,gaussian_noise,5,127,127,27.3658,0.0266,0.0447
Normal_Videos_041,NormalVideos,brightness,5,127,127,13.5181,0.2578,-0.0009
Normal_Videos_150,NormalVideos,clean_ref,0,87,87,2.0049,0.6782,0.0365
Normal_Videos_150,NormalVideos,gaussian_noise,3,87,87,32.9312,0.0153,0.3313
Normal_Videos_150,NormalVideos,gaussian_noise,4,87,87,34.4743,0.0108,0.3464
Normal_Videos_150,NormalVideos,gaussian_noise,5,87,87,34.7284,0.0044,0.3498
Normal_Videos_150,NormalVideos,brightness,5,87,87,9.2748,0.5399,0.0984
Normal_Videos_247,NormalVideos,clean_ref,0,822,822,17.3462,0.1315,0.1163
Normal_Videos_247,NormalVideos,gaussian_noise,3,822,822,26.5494,0.0171,0.0995
Normal_Videos_247,NormalVideos,gaussian_noise,4,822,822,27.8553,0.0096,0.1094
Normal_Videos_247,NormalVideos,gaussian_noise,5,822,822,28.9603,0.0066,0.1164
Normal_Videos_247,NormalVideos,brightness,5,822,822,15.6495,0.152,0.0327
Normal_Videos_352,NormalVideos,clean_ref,0,541,541,19.0889,0.0515,0.0771
Normal_Videos_352,NormalVideos,gaussian_noise,3,541,541,25.3526,0.0145,0.1023
Normal_Videos_352,NormalVideos,gaussian_noise,4,541,541,28.7435,0.0176,0.1311
Normal_Videos_352,NormalVideos,gaussian_noise,5,541,541,29.9049,0.0135,0.1416
Normal_Videos_352,NormalVideos,brightness,5,541,541,7.766,0.2099,0.0276
Normal_Videos_576,NormalVideos,clean_ref,0,1128,1128,20.2983,0.1438,0.0168
Normal_Videos_576,NormalVideos,gaussian_noise,3,1128,1128,25.6806,0.0106,0.1535
Normal_Videos_576,NormalVideos,gaussian_noise,4,1128,1128,23.8958,0.0108,0.182
Normal_Videos_576,NormalVideos,gaussian_noise,5,1128,1128,23.0424,0.0079,0.2105
Normal_Videos_576,NormalVideos,brightness,5,1128,1128,5.0105,0.3693,0.0364
Normal_Videos_656,NormalVideos,clean_ref,0,182,182,22.3117,0.0251,0.1842
Normal_Videos_656,NormalVideos,gaussian_noise,3,182,182,23.9588,0.0557,0.0878
Normal_Videos_656,NormalVideos,gaussian_noise,4,182,182,26.0853,0.0433,0.0928
Normal_Videos_656,NormalVideos,gaussian_noise,5,182,182,28.8834,0.0262,0.0927
Normal_Videos_656,NormalVideos,brightness,5,182,182,14.343,0.2293,-0.0791
Normal_Videos_702,NormalVideos,clean_ref,0,253,253,5.8037,0.6238,0.0675
Normal_Videos_702,NormalVideos,gaussian_noise,3,253,253,32.3764,0.0132,0.3234
Normal_Videos_702,NormalVideos,gaussian_noise,4,253,253,33.2026,0.0062,0.3326
Normal_Videos_702,NormalVideos,gaussian_noise,5,253,253,34.5106,0.0052,0.3389
Normal_Videos_702,NormalVideos,brightness,5,253,253,25.6135,0.2163,0.2358
Normal_Videos_725,NormalVideos,clean_ref,0,92,92,18.7685,0.2026,0.0587
Normal_Videos_725,NormalVideos,gaussian_noise,3,92,92,27.5049,0.076,0.0377
Normal_Videos_725,NormalVideos,gaussian_noise,4,92,92,29.1373,0.0627,0.0521
Normal_Videos_725,NormalVideos,gaussian_noise,5,92,92,31.9784,0.0424,0.0539
Normal_Videos_725,NormalVideos,brightness,5,92,92,21.3931,0.1298,-0.0105
Normal_Videos_778,NormalVideos,clean_ref,0,127,127,14.4984,0.154,0.0514
Normal_Videos_778,NormalVideos,gaussian_noise,3,127,127,31.8772,0.0044,0.0421
Normal_Videos_778,NormalVideos,gaussian_noise,4,127,127,31.192,0.0096,0.043
Normal_Videos_778,NormalVideos,gaussian_noise,5,127,127,31.4043,0.0108,0.0388
Normal_Videos_778,NormalVideos,brightness,5,127,127,4.9596,0.7349,-0.0055
Normal_Videos_783,NormalVideos,clean_ref,0,959,959,6.5427,0.5271,0.0596
Normal_Videos_783,NormalVideos,gaussian_noise,3,959,959,30.632,0.0129,0.2372
Normal_Videos_783,NormalVideos,gaussian_noise,4,959,959,32.7772,0.0089,0.2567
Normal_Videos_783,NormalVideos,gaussian_noise,5,959,959,34.1989,0.0068,0.2686
Normal_Videos_783,NormalVideos,brightness,5,959,959,15.4142,0.2587,0.1147
Normal_Videos_828,NormalVideos,clean_ref,0,93,93,7.675,0.4203,0.0497
Normal_Videos_828,NormalVideos,gaussian_noise,3,93,93,18.2647,0.0603,0.1652
Normal_Videos_828,NormalVideos,gaussian_noise,4,93,93,19.9619,0.0376,0.1677
Normal_Videos_828,NormalVideos,gaussian_noise,5,93,93,21.7874,0.0265,0.1756
Normal_Videos_828,NormalVideos,brightness,5,93,93,5.3553,0.4578,0.0227
Normal_Videos_874,NormalVideos,clean_ref,0,423,423,4.8047,0.4479,0.0645
Normal_Videos_874,NormalVideos,gaussian_noise,3,423,423,41.5509,0.0047,0.1529
Normal_Videos_874,NormalVideos,gaussian_noise,4,423,423,42.1864,0.0036,0.1543
Normal_Videos_874,NormalVideos,gaussian_noise,5,423,423,42.0414,0.0024,0.1547
Normal_Videos_874,NormalVideos,brightness,5,423,423,23.0048,0.193,0.0501
Normal_Videos_886,NormalVideos,clean_ref,0,275,275,17.5372,0.119,0.0891
Normal_Videos_886,NormalVideos,gaussian_noise,3,275,275,26.718,0.0359,0.0007
Normal_Videos_886,NormalVideos,gaussian_noise,4,275,275,26.9585,0.0342,0.0034
Normal_Videos_886,NormalVideos,gaussian_noise,5,275,275,27.792,0.0223,-0.0045
Normal_Videos_886,NormalVideos,brightness,5,275,275,20.6733,0.0605,-0.0455
Normal_Videos_891,NormalVideos,clean_ref,0,180,180,5.3054,0.3684,0.0708
Normal_Videos_891,NormalVideos,gaussian_noise,3,180,180,25.68,0.0066,0.1461
Normal_Videos_891,NormalVideos,gaussian_noise,4,180,180,27.0226,0.0032,0.1566
Normal_Videos_891,NormalVideos,gaussian_noise,5,180,180,29.4349,0.0024,0.1589
Normal_Videos_891,NormalVideos,brightness,5,180,180,11.3178,0.2488,-0.0101
Normal_Videos_892,NormalVideos,clean_ref,0,177,177,8.5363,0.4394,0.0493
Normal_Videos_892,NormalVideos,gaussian_noise,3,177,177,27.6688,0.0061,0.1587
Normal_Videos_892,NormalVideos,gaussian_noise,4,177,177,28.3199,0.0048,0.1667
Normal_Videos_892,NormalVideos,gaussian_noise,5,177,177,29.3967,0.0036,0.1839
Normal_Videos_892,NormalVideos,brightness,5,177,177,7.5499,0.3476,0.0527
Normal_Videos_901,NormalVideos,clean_ref,0,117,117,16.1408,0.1416,0.0559
Normal_Videos_901,NormalVideos,gaussian_noise,3,117,117,32.1859,0.0186,0.0828
Normal_Videos_901,NormalVideos,gaussian_noise,4,117,117,31.4215,0.0158,0.0936
Normal_Videos_901,NormalVideos,gaussian_noise,5,117,117,31.0586,0.0154,0.0959
Normal_Videos_901,NormalVideos,brightness,5,117,117,12.7739,0.1568,0.0267
Normal_Videos_903,NormalVideos,clean_ref,0,79,79,12.9263,0.0707,0.0792
Normal_Videos_903,NormalVideos,gaussian_noise,3,79,79,30.5658,0.0027,0.1818
Normal_Videos_903,NormalVideos,gaussian_noise,4,79,79,30.8235,0.0023,0.1885
Normal_Videos_903,NormalVideos,gaussian_noise,5,79,79,31.8723,0.0025,0.1875
Normal_Videos_903,NormalVideos,brightness,5,79,79,14.0438,0.0783,0.0232
Normal_Videos_905,NormalVideos,clean_ref,0,120,120,2.8227,0.0615,0.0728
Normal_Videos_905,NormalVideos,gaussian_noise,3,120,120,27.9537,0.0003,0.0452
Normal_Videos_905,NormalVideos,gaussian_noise,4,120,120,29.1771,0.0001,0.0504
Normal_Videos_905,NormalVideos,gaussian_noise,5,120,120,29.9382,0.0001,0.0484
Normal_Videos_905,NormalVideos,brightness,5,120,120,6.468,0.069,-0.1416
Normal_Videos_908,NormalVideos,clean_ref,0,89,89,10.2201,0.1253,0.0381
Normal_Videos_908,NormalVideos,gaussian_noise,3,89,89,24.3694,0.0077,0.1692
Normal_Videos_908,NormalVideos,gaussian_noise,4,89,89,26.7021,0.0025,0.1765
Normal_Videos_908,NormalVideos,gaussian_noise,5,89,89,28.6397,0.0011,0.1776
Normal_Videos_908,NormalVideos,brightness,5,89,89,10.628,0.1267,-0.0075
Normal_Videos_939,NormalVideos,clean_ref,0,81,81,2.3315,0.6493,0.0537
Normal_Videos_939,NormalVideos,gaussian_noise,3,81,81,24.8564,0.036,0.227
Normal_Videos_939,NormalVideos,gaussian_noise,4,81,81,28.2053,0.0162,0.2454
Normal_Videos_939,NormalVideos,gaussian_noise,5,81,81,31.5859,0.0048,0.2542
Normal_Videos_939,NormalVideos,brightness,5,81,81,18.8281,0.1913,0.1505
Normal_Videos_943,NormalVideos,clean_ref,0,102,102,12.4533,0.2656,0.0692
Normal_Videos_943,NormalVideos,gaussian_noise,3,102,102,27.7028,0.032,0.0491
Normal_Videos_943,NormalVideos,gaussian_noise,4,102,102,30.125,0.0206,0.0633
Normal_Videos_943,NormalVideos,gaussian_noise,5,102,102,29.6766,0.0178,0.0725
Normal_Videos_943,NormalVideos,brightness,5,102,102,10.655,0.3519,0.0014
Normal_Videos_944,NormalVideos,clean_ref,0,717,717,5.9181,0.4742,0.087
Normal_Videos_944,NormalVideos,gaussian_noise,3,717,717,30.3672,0.0071,0.1863
Normal_Videos_944,NormalVideos,gaussian_noise,4,717,717,32.3268,0.0048,0.1989
Normal_Videos_944,NormalVideos,gaussian_noise,5,717,717,34.899,0.0033,0.2107
Normal_Videos_944,NormalVideos,brightness,5,717,717,19.6924,0.2094,0.1128
RoadAccidents016,RoadAccidents,clean_ref,0,220,220,6.0021,0.3693,0.0849
RoadAccidents016,RoadAccidents,gaussian_noise,3,220,220,33.2763,0.003,0.1051
RoadAccidents016,RoadAccidents,gaussian_noise,4,220,220,37.2121,0.0009,0.1122
RoadAccidents016,RoadAccidents,gaussian_noise,5,220,220,39.4517,0.0009,0.1048
RoadAccidents016,RoadAccidents,brightness,5,220,220,15.0398,0.2724,0.0138
RoadAccidents017,RoadAccidents,clean_ref,0,25,25,10.7096,0.2342,-0.055
RoadAccidents017,RoadAccidents,gaussian_noise,3,25,25,21.771,0.0057,0.1838
RoadAccidents017,RoadAccidents,gaussian_noise,4,25,25,22.1647,0.0043,0.187
RoadAccidents017,RoadAccidents,gaussian_noise,5,25,25,23.6991,0.004,0.1867
RoadAccidents017,RoadAccidents,brightness,5,25,25,9.0505,0.0561,0.0843
RoadAccidents021,RoadAccidents,clean_ref,0,16,16,21.0955,0.1846,0.0575
RoadAccidents021,RoadAccidents,gaussian_noise,3,16,16,28.6157,0.0541,0.0204
RoadAccidents021,RoadAccidents,gaussian_noise,4,16,16,32.5148,0.0328,0.0195
RoadAccidents021,RoadAccidents,gaussian_noise,5,16,16,34.0264,0.0361,0.0108
RoadAccidents021,RoadAccidents,brightness,5,16,16,18.3217,0.2068,-0.0859
RoadAccidents124,RoadAccidents,clean_ref,0,150,150,14.355,0.1856,0.0819
RoadAccidents124,RoadAccidents,gaussian_noise,3,150,150,24.8577,0.0354,0.015
RoadAccidents124,RoadAccidents,gaussian_noise,4,150,150,27.2491,0.0268,0.0213
RoadAccidents124,RoadAccidents,gaussian_noise,5,150,150,28.36,0.0281,0.0237
RoadAccidents124,RoadAccidents,brightness,5,150,150,12.4648,0.2347,-0.0473
Robbery137,Robbery,clean_ref,0,220,220,4.9234,0.4555,0.0832
Robbery137,Robbery,gaussian_noise,3,220,220,34.5899,0.0026,0.1381
Robbery137,Robbery,gaussian_noise,4,220,220,35.2368,0.0031,0.1521
Robbery137,Robbery,gaussian_noise,5,220,220,34.8387,0.0038,0.162
Robbery137,Robbery,brightness,5,220,220,19.4386,0.1817,0.0661
Shooting004,Shooting,clean_ref,0,180,180,15.1583,0.2596,0.0558
Shooting004,Shooting,gaussian_noise,3,180,180,32.736,0.0475,0.1051
Shooting004,Shooting,gaussian_noise,4,180,180,35.0763,0.0384,0.1125
Shooting004,Shooting,gaussian_noise,5,180,180,35.8424,0.0372,0.1142
Shooting004,Shooting,brightness,5,180,180,18.8704,0.2259,0.0892
Shooting018,Shooting,clean_ref,0,180,180,1.6683,0.8636,0.0767
Shooting018,Shooting,gaussian_noise,3,180,180,31.5962,0.0097,0.435
Shooting018,Shooting,gaussian_noise,4,180,180,34.0706,0.0046,0.4385
Shooting018,Shooting,gaussian_noise,5,180,180,35.1443,0.0036,0.4438
Shooting018,Shooting,brightness,5,180,180,5.985,0.7926,0.0648
Shooting022,Shooting,clean_ref,0,456,456,8.4059,0.2772,0.0862
Shooting022,Shooting,gaussian_noise,3,456,456,34.3839,0.0072,0.1869
Shooting022,Shooting,gaussian_noise,4,456,456,37.7744,0.0032,0.1859
Shooting022,Shooting,gaussian_noise,5,456,456,38.6682,0.0017,0.1854
Shooting022,Shooting,brightness,5,456,456,7.9836,0.4313,0.032
Shooting043,Shooting,clean_ref,0,188,188,8.8439,0.2483,0.0817
Shooting043,Shooting,gaussian_noise,3,188,188,26.9637,0.0071,0.1056
Shooting043,Shooting,gaussian_noise,4,188,188,27.2815,0.0102,0.104
Shooting043,Shooting,gaussian_noise,5,188,188,26.777,0.0139,0.0983
Shooting043,Shooting,brightness,5,188,188,9.539,0.2106,0.0047
Shoplifting015,Shoplifting,clean_ref,0,226,226,4.6174,0.529,0.08
Shoplifting015,Shoplifting,gaussian_noise,3,226,226,27.927,0.0048,0.1736
Shoplifting015,Shoplifting,gaussian_noise,4,226,226,29.7711,0.0052,0.1735
Shoplifting015,Shoplifting,gaussian_noise,5,226,226,29.9195,0.0054,0.173
Shoplifting015,Shoplifting,brightness,5,226,226,7.8302,0.3779,0.0592
Shoplifting022,Shoplifting,clean_ref,0,220,220,8.0752,0.3513,0.1049
Shoplifting022,Shoplifting,gaussian_noise,3,220,220,30.2923,0.0068,0.0846
Shoplifting022,Shoplifting,gaussian_noise,4,220,220,29.7982,0.0067,0.099
Shoplifting022,Shoplifting,gaussian_noise,5,220,220,28.7473,0.0077,0.1142
Shoplifting022,Shoplifting,brightness,5,220,220,14.6277,0.1272,0.0041
Shoplifting027,Shoplifting,clean_ref,0,188,188,9.2904,0.3347,0.0835
Shoplifting027,Shoplifting,gaussian_noise,3,188,188,23.6093,0.0387,0.097
Shoplifting027,Shoplifting,gaussian_noise,4,188,188,25.3723,0.0388,0.1091
Shoplifting027,Shoplifting,gaussian_noise,5,188,188,26.4905,0.0371,0.1165
Shoplifting027,Shoplifting,brightness,5,188,188,8.7349,0.2922,0.0708
Shoplifting029,Shoplifting,clean_ref,0,218,218,14.1271,0.201,0.0845
Shoplifting029,Shoplifting,gaussian_noise,3,218,218,31.3351,0.0357,0.0856
Shoplifting029,Shoplifting,gaussian_noise,4,218,218,31.4862,0.0252,0.0884
Shoplifting029,Shoplifting,gaussian_noise,5,218,218,32.5154,0.016,0.0897
Shoplifting029,Shoplifting,brightness,5,218,218,25.1588,0.1178,0.0341
Stealing036,Stealing,clean_ref,0,251,251,7.2661,0.3531,0.0466
Stealing036,Stealing,gaussian_noise,3,251,251,32.0774,0.0037,0.0977
Stealing036,Stealing,gaussian_noise,4,251,251,32.5761,0.0023,0.1123
Stealing036,Stealing,gaussian_noise,5,251,251,32.3828,0.0016,0.1221
Stealing036,Stealing,brightness,5,251,251,11.7768,0.2297,-0.0017
Vandalism036,Vandalism,clean_ref,0,145,145,10.751,0.1233,0.005
Vandalism036,Vandalism,gaussian_noise,3,145,145,20.2835,0.0605,0.0618
Vandalism036,Vandalism,gaussian_noise,4,145,145,21.4738,0.0541,0.0677
Vandalism036,Vandalism,gaussian_noise,5,145,145,23.2574,0.0357,0.0914
Vandalism036,Vandalism,brightness,5,145,145,8.1233,0.3482,0.0806
