backbone,method,condition,seed,auc
clip-vit-b-16,sar,brightness_1,42,0.8180022645810759
clip-vit-b-16,sar,brightness_2,42,0.817011970588588
clip-vit-b-16,sar,brightness_3,42,0.8240327027834554
clip-vit-b-16,sar,brightness_4,42,0.8246507881850035
clip-vit-b-16,sar,brightness_5,42,0.8151765029656802
clip-vit-b-16,sar,gaussian_noise_1,42,0.626035324373872
clip-vit-b-16,sar,gaussian_noise_2,42,0.5252187952364514
clip-vit-b-16,sar,gaussian_noise_3,42,0.5248719030092098
clip-vit-b-16,sar,gaussian_noise_4,42,0.5551859847997638
clip-vit-b-16,sar,gaussian_noise_5,42,0.5771567128985395
clip-vit-b-16,sar,jpeg_compression_1,42,0.5758310284341692
clip-vit-b-16,sar,jpeg_compression_2,42,0.4757759815830478
clip-vit-b-16,sar,jpeg_compression_3,42,0.4409248323604914
clip-vit-b-16,sar,jpeg_compression_4,42,0.379310553996141
clip-vit-b-16,sar,jpeg_compression_5,42,0.4428909270621226
clip-vit-b-16,sar,motion_blur_1,42,0.7332407660656818
clip-vit-b-16,sar,motion_blur_2,42,0.7011256951284951
clip-vit-b-16,sar,motion_blur_3,42,0.7098381408641476
clip-vit-b-16,sar,motion_blur_4,42,0.713569290656848
clip-vit-b-16,sar,motion_blur_5,42,0.6279118964842942
clip-vit-b-16,sar,brightness_1,123,0.8109899801040421
clip-vit-b-16,sar,brightness_2,123,0.8097626677957571
clip-vit-b-16,sar,brightness_3,123,0.8182587322937459
clip-vit-b-16,sar,brightness_4,123,0.8161226473630625
clip-vit-b-16,sar,brightness_5,123,0.7969310666227136
clip-vit-b-16,sar,gaussian_noise_1,123,0.6234378475985423
clip-vit-b-16,sar,gaussian_noise_2,123,0.5344062063168636
clip-vit-b-16,sar,gaussian_noise_3,123,0.5293173135957092
clip-vit-b-16,sar,gaussian_noise_4,123,0.5981422727871071
clip-vit-b-16,sar,gaussian_noise_5,123,0.6291538985344783
clip-vit-b-16,sar,jpeg_compression_1,123,0.563306572350864
clip-vit-b-16,sar,jpeg_compression_2,123,0.4639298522379783
clip-vit-b-16,sar,jpeg_compression_3,123,0.4372423239198424
clip-vit-b-16,sar,jpeg_compression_4,123,0.39516508973359676
clip-vit-b-16,sar,jpeg_compression_5,123,0.44896473795532515
clip-vit-b-16,sar,motion_blur_1,123,0.7314939012507513
clip-vit-b-16,sar,motion_blur_2,123,0.6843482328227986
clip-vit-b-16,sar,motion_blur_3,123,0.7053893190427514
clip-vit-b-16,sar,motion_blur_4,123,0.7080417952833433
clip-vit-b-16,sar,motion_blur_5,123,0.6237872580672524
clip-vit-b-16,sar,brightness_1,2024,0.8132180076381258
clip-vit-b-16,sar,brightness_2,2024,0.8149023182633884
clip-vit-b-16,sar,brightness_3,2024,0.8220556153327193
clip-vit-b-16,sar,brightness_4,2024,0.8203548914882406
clip-vit-b-16,sar,brightness_5,2024,0.8013107707527428
clip-vit-b-16,sar,gaussian_noise_1,2024,0.6228134755232577
clip-vit-b-16,sar,gaussian_noise_2,2024,0.5497932332046879
clip-vit-b-16,sar,gaussian_noise_3,2024,0.544247877962613
clip-vit-b-16,sar,gaussian_noise_4,2024,0.5911587516284057
clip-vit-b-16,sar,gaussian_noise_5,2024,0.6023753920458452
clip-vit-b-16,sar,jpeg_compression_1,2024,0.5776700680307909
clip-vit-b-16,sar,jpeg_compression_2,2024,0.4740039075636304
clip-vit-b-16,sar,jpeg_compression_3,2024,0.4451704803170316
clip-vit-b-16,sar,jpeg_compression_4,2024,0.39661048889699396
clip-vit-b-16,sar,jpeg_compression_5,2024,0.4613146584730268
clip-vit-b-16,sar,motion_blur_1,2024,0.7345096293581954
clip-vit-b-16,sar,motion_blur_2,2024,0.6928710335440373
clip-vit-b-16,sar,motion_blur_3,2024,0.7051958520164632
clip-vit-b-16,sar,motion_blur_4,2024,0.7099096071282319
clip-vit-b-16,sar,motion_blur_5,2024,0.6246603377423132
clip-vit-b-16,"sar@paper(1e-4,0.01)",brightness_1,42,0.818145902574053
clip-vit-b-16,"sar@paper(1e-4,0.01)",brightness_2,42,0.8170978854863454
clip-vit-b-16,"sar@paper(1e-4,0.01)",brightness_3,42,0.8240786472953527
clip-vit-b-16,"sar@paper(1e-4,0.01)",brightness_4,42,0.8247143961069168
clip-vit-b-16,"sar@paper(1e-4,0.01)",brightness_5,42,0.8151477039276106
clip-vit-b-16,"sar@paper(1e-4,0.01)",gaussian_noise_1,42,0.626242409549945
clip-vit-b-16,"sar@paper(1e-4,0.01)",gaussian_noise_2,42,0.5253115326040029
clip-vit-b-16,"sar@paper(1e-4,0.01)",gaussian_noise_3,42,0.5225572461826258
clip-vit-b-16,"sar@paper(1e-4,0.01)",gaussian_noise_4,42,0.5547140377727926
clip-vit-b-16,"sar@paper(1e-4,0.01)",gaussian_noise_5,42,0.5770023232646833
clip-vit-b-16,"sar@paper(1e-4,0.01)",jpeg_compression_1,42,0.57581702629721
clip-vit-b-16,"sar@paper(1e-4,0.01)",jpeg_compression_2,42,0.4756771718601824
clip-vit-b-16,"sar@paper(1e-4,0.01)",jpeg_compression_3,42,0.44071672917190985
clip-vit-b-16,"sar@paper(1e-4,0.01)",jpeg_compression_4,42,0.37911610467708146
clip-vit-b-16,"sar@paper(1e-4,0.01)",jpeg_compression_5,42,0.4420671584841843
clip-vit-b-16,"sar@paper(1e-4,0.01)",motion_blur_1,42,0.7331285703713227
clip-vit-b-16,"sar@paper(1e-4,0.01)",motion_blur_2,42,0.7008994552433802
clip-vit-b-16,"sar@paper(1e-4,0.01)",motion_blur_3,42,0.7097817929788083
clip-vit-b-16,"sar@paper(1e-4,0.01)",motion_blur_4,42,0.7134983959085581
clip-vit-b-16,"sar@paper(1e-4,0.01)",motion_blur_5,42,0.6278203200082
clip-vit-b-16,source_only,brightness_1,42,0.8181407232121675
clip-vit-b-16,source_only,brightness_2,42,0.8170913219846461
clip-vit-b-16,source_only,brightness_3,42,0.8241033832133227
clip-vit-b-16,source_only,brightness_4,42,0.8247060466183601
clip-vit-b-16,source_only,brightness_5,42,0.8151528386398246
clip-vit-b-16,source_only,gaussian_noise_1,42,0.6262349977044883
clip-vit-b-16,source_only,gaussian_noise_2,42,0.5253200606912453
clip-vit-b-16,source_only,gaussian_noise_3,42,0.5223318367813995
clip-vit-b-16,source_only,gaussian_noise_4,42,0.5546801486721804
clip-vit-b-16,source_only,gaussian_noise_5,42,0.5769870530770557
clip-vit-b-16,source_only,jpeg_compression_1,42,0.5758289031098093
clip-vit-b-16,source_only,jpeg_compression_2,42,0.4756727068930398
clip-vit-b-16,source_only,jpeg_compression_3,42,0.440699762296768
clip-vit-b-16,source_only,jpeg_compression_4,42,0.3791002540437252
clip-vit-b-16,source_only,jpeg_compression_5,42,0.4419179482122135
clip-vit-b-16,source_only,motion_blur_1,42,0.7331156219666094
clip-vit-b-16,source_only,motion_blur_2,42,0.7009015537779373
clip-vit-b-16,source_only,motion_blur_3,42,0.7097792032978657
clip-vit-b-16,source_only,motion_blur_4,42,0.7134737939396025
clip-vit-b-16,source_only,motion_blur_5,42,0.6278056749159723
clip-vit-b-16,source_only,brightness_1,123,0.8110846106176621
clip-vit-b-16,source_only,brightness_2,123,0.8098364647726897
clip-vit-b-16,source_only,brightness_3,123,0.8182838700587587
clip-vit-b-16,source_only,brightness_4,123,0.8161193656122124
clip-vit-b-16,source_only,brightness_5,123,0.7969815654010962
clip-vit-b-16,source_only,gaussian_noise_1,123,0.6234172641000151
clip-vit-b-16,source_only,gaussian_noise_2,123,0.5338904847520267
clip-vit-b-16,source_only,gaussian_noise_3,123,0.527830175919463
clip-vit-b-16,source_only,gaussian_noise_4,123,0.5976534571142712
clip-vit-b-16,source_only,gaussian_noise_5,123,0.629026968448549
clip-vit-b-16,source_only,jpeg_compression_1,123,0.5632134777859411
clip-vit-b-16,source_only,jpeg_compression_2,123,0.46404085132114287
clip-vit-b-16,source_only,jpeg_compression_3,123,0.4372130783850584
clip-vit-b-16,source_only,jpeg_compression_4,123,0.39478471918271996
clip-vit-b-16,source_only,jpeg_compression_5,123,0.4478756878195776
clip-vit-b-16,source_only,motion_blur_1,123,0.7314624410922648
clip-vit-b-16,source_only,motion_blur_2,123,0.6841149829392701
clip-vit-b-16,source_only,motion_blur_3,123,0.705320978255667
clip-vit-b-16,source_only,motion_blur_4,123,0.7079469683111691
clip-vit-b-16,source_only,motion_blur_5,123,0.6236021048097837
clip-vit-b-16,source_only,brightness_1,2024,0.8133188712458768
clip-vit-b-16,source_only,brightness_2,2024,0.8150646644686929
clip-vit-b-16,source_only,brightness_3,2024,0.8221139278036015
clip-vit-b-16,source_only,brightness_4,2024,0.8204621846486768
clip-vit-b-16,source_only,brightness_5,2024,0.8013551078764687
clip-vit-b-16,source_only,gaussian_noise_1,2024,0.6228165117009146
clip-vit-b-16,source_only,gaussian_noise_2,2024,0.549238523546762
clip-vit-b-16,source_only,gaussian_noise_3,2024,0.5427667233423378
clip-vit-b-16,source_only,gaussian_noise_4,2024,0.590673695457904
clip-vit-b-16,source_only,gaussian_noise_5,2024,0.6022910756063247
clip-vit-b-16,source_only,jpeg_compression_1,2024,0.5775516124524982
clip-vit-b-16,source_only,jpeg_compression_2,2024,0.4740031038695447
clip-vit-b-16,source_only,jpeg_compression_3,2024,0.44486661251317594
clip-vit-b-16,source_only,jpeg_compression_4,2024,0.39612987983376624
clip-vit-b-16,source_only,jpeg_compression_5,2024,0.4601068134214835
clip-vit-b-16,source_only,motion_blur_1,2024,0.7343398891673031
clip-vit-b-16,source_only,motion_blur_2,2024,0.6927369595106797
clip-vit-b-16,source_only,motion_blur_3,2024,0.7050912021165752
clip-vit-b-16,source_only,motion_blur_4,2024,0.7097540030233128
clip-vit-b-16,source_only,motion_blur_5,2024,0.6244230872482249
clip-vit-b-16,tent,brightness_1,42,0.8179921737553337
clip-vit-b-16,tent,brightness_2,42,0.8169870114222609
clip-vit-b-16,tent,brightness_3,42,0.8240423471124836
clip-vit-b-16,tent,brightness_4,42,0.8246435549382326
clip-vit-b-16,tent,brightness_5,42,0.8151505168569104
clip-vit-b-16,tent,gaussian_noise_1,42,0.6260058109410594
clip-vit-b-16,tent,gaussian_noise_2,42,0.5250432773780764
clip-vit-b-16,tent,gaussian_noise_3,42,0.5247220587119046
clip-vit-b-16,tent,gaussian_noise_4,42,0.5551243682531961
clip-vit-b-16,tent,gaussian_noise_5,42,0.5771484080596543
clip-vit-b-16,tent,jpeg_compression_1,42,0.5757034821827742
clip-vit-b-16,tent,jpeg_compression_2,42,0.4756251996426426
clip-vit-b-16,tent,jpeg_compression_3,42,0.4408792539758999
clip-vit-b-16,tent,jpeg_compression_4,42,0.37930327609969855
clip-vit-b-16,tent,jpeg_compression_5,42,0.4428434198117255
clip-vit-b-16,tent,motion_blur_1,42,0.7333120715909487
clip-vit-b-16,tent,motion_blur_2,42,0.7011666478071269
clip-vit-b-16,tent,motion_blur_3,42,0.7098536789498039
clip-vit-b-16,tent,motion_blur_4,42,0.7136079126226313
clip-vit-b-16,tent,motion_blur_5,42,0.6278925185268955
clip-vit-b-16,tent,brightness_1,123,0.8109801571763283
clip-vit-b-16,tent,brightness_2,123,0.8097557917463576
clip-vit-b-16,tent,brightness_3,123,0.8182418547179469
clip-vit-b-16,tent,brightness_4,123,0.8161268667570121
clip-vit-b-16,tent,brightness_5,123,0.7969107510222149
clip-vit-b-16,tent,gaussian_noise_1,123,0.6234179338450864
clip-vit-b-16,tent,gaussian_noise_2,123,0.5343399015547963
clip-vit-b-16,tent,gaussian_noise_3,123,0.5293422281123648
clip-vit-b-16,tent,gaussian_noise_4,123,0.5981144113921374
clip-vit-b-16,tent,gaussian_noise_5,123,0.629158988597021
clip-vit-b-16,tent,jpeg_compression_1,123,0.5633135376996065
clip-vit-b-16,tent,jpeg_compression_2,123,0.46392561051919273
clip-vit-b-16,tent,jpeg_compression_3,123,0.43721459647388694
clip-vit-b-16,tent,jpeg_compression_4,123,0.3950270775992194
clip-vit-b-16,tent,jpeg_compression_5,123,0.4488802250572504
clip-vit-b-16,tent,motion_blur_1,123,0.7315219858940782
clip-vit-b-16,tent,motion_blur_2,123,0.6843376508506707
clip-vit-b-16,tent,motion_blur_3,123,0.7053894529917656
clip-vit-b-16,tent,motion_blur_4,123,0.7080654149595277
clip-vit-b-16,tent,motion_blur_5,123,0.6238005190196659
clip-vit-b-16,tent,brightness_1,2024,0.8132159984029117
clip-vit-b-16,tent,brightness_2,2024,0.8149310280021153
clip-vit-b-16,tent,brightness_3,2024,0.8220355676302492
clip-vit-b-16,tent,brightness_4,2024,0.8203658306577399
clip-vit-b-16,tent,brightness_5,2024,0.8013047876967717
clip-vit-b-16,tent,gaussian_noise_1,2024,0.6228028489014583
clip-vit-b-16,tent,gaussian_noise_2,2024,0.5497175520116211
clip-vit-b-16,tent,gaussian_noise_3,2024,0.5443398562857502
clip-vit-b-16,tent,gaussian_noise_4,2024,0.5911277647564362
clip-vit-b-16,tent,gaussian_noise_5,2024,0.6023474413515326
clip-vit-b-16,tent,jpeg_compression_1,2024,0.5776195469275727
clip-vit-b-16,tent,jpeg_compression_2,2024,0.4739558198675048
clip-vit-b-16,tent,jpeg_compression_3,2024,0.44499219417902824
clip-vit-b-16,tent,jpeg_compression_4,2024,0.3965972725942519
clip-vit-b-16,tent,jpeg_compression_5,2024,0.46125597987483896
clip-vit-b-16,tent,motion_blur_1,2024,0.734507486173967
clip-vit-b-16,tent,motion_blur_2,2024,0.6929121558914204
clip-vit-b-16,tent,motion_blur_3,2024,0.705198664945763
clip-vit-b-16,tent,motion_blur_4,2024,0.7099013022893468
clip-vit-b-16,tent,motion_blur_5,2024,0.6247058357574962
clip-vit-b-16,tent@paper(0.005),brightness_1,42,0.8176036948241261
clip-vit-b-16,tent@paper(0.005),brightness_2,42,0.8165325938562916
clip-vit-b-16,tent@paper(0.005),brightness_3,42,0.8238436873294086
clip-vit-b-16,tent@paper(0.005),brightness_4,42,0.824411689194518
clip-vit-b-16,tent@paper(0.005),brightness_5,42,0.815047697593551
clip-vit-b-16,tent@paper(0.005),gaussian_noise_1,42,0.6252238969651159
clip-vit-b-16,tent@paper(0.005),gaussian_noise_2,42,0.5240670480320876
clip-vit-b-16,tent@paper(0.005),gaussian_noise_3,42,0.5337628134815515
clip-vit-b-16,tent@paper(0.005),gaussian_noise_4,42,0.5565861091963352
clip-vit-b-16,tent@paper(0.005),gaussian_noise_5,42,0.5775658914174202
clip-vit-b-16,tent@paper(0.005),jpeg_compression_1,42,0.5751306090385121
clip-vit-b-16,tent@paper(0.005),jpeg_compression_2,42,0.4755074138094213
clip-vit-b-16,tent@paper(0.005),jpeg_compression_3,42,0.44153465757282556
clip-vit-b-16,tent@paper(0.005),jpeg_compression_4,42,0.37999594431239625
clip-vit-b-16,tent@paper(0.005),jpeg_compression_5,42,0.44657147984716306
clip-vit-b-16,tent@paper(0.005),motion_blur_1,42,0.7336830567808917
clip-vit-b-16,tent@paper(0.005),motion_blur_2,42,0.7021174179104688
clip-vit-b-16,tent@paper(0.005),motion_blur_3,42,0.7102067417616366
clip-vit-b-16,tent@paper(0.005),motion_blur_4,42,0.714017466198752
clip-vit-b-16,tent@paper(0.005),motion_blur_5,42,0.6279853094740526
siglip2-base,sar,brightness_1,42,0.7977681765224739
siglip2-base,sar,brightness_2,42,0.7886127524666711
siglip2-base,sar,brightness_3,42,0.7878042272865579
siglip2-base,sar,brightness_4,42,0.7793506246260948
siglip2-base,sar,brightness_5,42,0.7637942236746837
siglip2-base,sar,gaussian_noise_1,42,0.5398439558508024
siglip2-base,sar,gaussian_noise_2,42,0.5599443538632212
siglip2-base,sar,gaussian_noise_3,42,0.5898146670344409
siglip2-base,sar,gaussian_noise_4,42,0.6214133332668176
siglip2-base,sar,gaussian_noise_5,42,0.6366147782603275
siglip2-base,sar,jpeg_compression_1,42,0.4447401467838294
siglip2-base,sar,jpeg_compression_2,42,0.43284925614315545
siglip2-base,sar,jpeg_compression_3,42,0.40119403663695075
siglip2-base,sar,jpeg_compression_4,42,0.3723437050247501
siglip2-base,sar,jpeg_compression_5,42,0.38153658122494477
siglip2-base,sar,motion_blur_1,42,0.5322587982295064
siglip2-base,sar,motion_blur_2,42,0.5752889189135194
siglip2-base,sar,motion_blur_3,42,0.5487132201624368
siglip2-base,sar,motion_blur_4,42,0.5430786102271816
siglip2-base,sar,motion_blur_5,42,0.5975283398050018
siglip2-base,sar,brightness_1,123,0.8013985966564375
siglip2-base,sar,brightness_2,123,0.7944334354426266
siglip2-base,sar,brightness_3,123,0.7931949071368795
siglip2-base,sar,brightness_4,123,0.7834521345133383
siglip2-base,sar,brightness_5,123,0.7711375408156689
siglip2-base,sar,gaussian_noise_1,123,0.47952116923244437
siglip2-base,sar,gaussian_noise_2,123,0.48767290439433136
siglip2-base,sar,gaussian_noise_3,123,0.5048102519816543
siglip2-base,sar,gaussian_noise_4,123,0.569170306540008
siglip2-base,sar,gaussian_noise_5,123,0.6139317718131639
siglip2-base,sar,jpeg_compression_1,123,0.4483215415785674
siglip2-base,sar,jpeg_compression_2,123,0.42062147480163925
siglip2-base,sar,jpeg_compression_3,123,0.42381177419442406
siglip2-base,sar,jpeg_compression_4,123,0.36922374672432945
siglip2-base,sar,jpeg_compression_5,123,0.36364368975762235
siglip2-base,sar,motion_blur_1,123,0.524465662438709
siglip2-base,sar,motion_blur_2,123,0.5030445896550537
siglip2-base,sar,motion_blur_3,123,0.4859314198648078
siglip2-base,sar,motion_blur_4,123,0.48646328228586533
siglip2-base,sar,motion_blur_5,123,0.5148436403865718
siglip2-base,sar,brightness_1,2024,0.7995302579454262
siglip2-base,sar,brightness_2,2024,0.7894822423081495
siglip2-base,sar,brightness_3,2024,0.7947374997050365
siglip2-base,sar,brightness_4,2024,0.7866659910727672
siglip2-base,sar,brightness_5,2024,0.7735704746218599
siglip2-base,sar,gaussian_noise_1,2024,0.5319236310059812
siglip2-base,sar,gaussian_noise_2,2024,0.5559158461887591
siglip2-base,sar,gaussian_noise_3,2024,0.564014501821255
siglip2-base,sar,gaussian_noise_4,2024,0.600139425800182
siglip2-base,sar,gaussian_noise_5,2024,0.6341711553227971
siglip2-base,sar,jpeg_compression_1,2024,0.3914023502983626
siglip2-base,sar,jpeg_compression_2,2024,0.4077585206293205
siglip2-base,sar,jpeg_compression_3,2024,0.37922909513559167
siglip2-base,sar,jpeg_compression_4,2024,0.3696077338985918
siglip2-base,sar,jpeg_compression_5,2024,0.38107189423454746
siglip2-base,sar,motion_blur_1,2024,0.52391161359592
siglip2-base,sar,motion_blur_2,2024,0.5239373139467927
siglip2-base,sar,motion_blur_3,2024,0.4941127265040801
siglip2-base,sar,motion_blur_4,2024,0.49603521633659686
siglip2-base,sar,motion_blur_5,2024,0.525997360487038
siglip2-base,source_only,brightness_1,42,0.797782768035096
siglip2-base,source_only,brightness_2,42,0.7886486061528262
siglip2-base,source_only,brightness_3,42,0.7878415990615413
siglip2-base,source_only,brightness_4,42,0.7793873087961386
siglip2-base,source_only,brightness_5,42,0.7638831658201641
siglip2-base,source_only,gaussian_noise_1,42,0.5406685013330234
siglip2-base,source_only,gaussian_noise_2,42,0.560684096224503
siglip2-base,source_only,gaussian_noise_3,42,0.5910897232363814
siglip2-base,source_only,gaussian_noise_4,42,0.6236536216006748
siglip2-base,source_only,gaussian_noise_5,42,0.6400552319022428
siglip2-base,source_only,jpeg_compression_1,42,0.44566417173398715
siglip2-base,source_only,jpeg_compression_2,42,0.43399265832392975
siglip2-base,source_only,jpeg_compression_3,42,0.4020883338358731
siglip2-base,source_only,jpeg_compression_4,42,0.37317681431395056
siglip2-base,source_only,jpeg_compression_5,42,0.3818211067911388
siglip2-base,source_only,motion_blur_1,42,0.532091719159031
siglip2-base,source_only,motion_blur_2,42,0.5754543816658894
siglip2-base,source_only,motion_blur_3,42,0.548880067054621
siglip2-base,source_only,motion_blur_4,42,0.5436267385235394
siglip2-base,source_only,motion_blur_5,42,0.5977204137615414
siglip2-base,source_only,brightness_1,123,0.801437352571235
siglip2-base,source_only,brightness_2,123,0.7944347302830979
siglip2-base,source_only,brightness_3,123,0.7932229471305349
siglip2-base,source_only,brightness_4,123,0.7834237819719829
siglip2-base,source_only,brightness_5,123,0.7711611962115902
siglip2-base,source_only,gaussian_noise_1,123,0.4802873218743746
siglip2-base,source_only,gaussian_noise_2,123,0.4886161822828079
siglip2-base,source_only,gaussian_noise_3,123,0.5069236280894508
siglip2-base,source_only,gaussian_noise_4,123,0.5733491853778983
siglip2-base,source_only,gaussian_noise_5,123,0.619319495855237
siglip2-base,source_only,jpeg_compression_1,123,0.4488780461532848
siglip2-base,source_only,jpeg_compression_2,123,0.4216313074903433
siglip2-base,source_only,jpeg_compression_3,123,0.42498197957295536
siglip2-base,source_only,jpeg_compression_4,123,0.3701501381070728
siglip2-base,source_only,jpeg_compression_5,123,0.3647118349172085
siglip2-base,source_only,motion_blur_1,123,0.5243321152714742
siglip2-base,source_only,motion_blur_2,123,0.5030747371132005
siglip2-base,source_only,motion_blur_3,123,0.4860984587505791
siglip2-base,source_only,motion_blur_4,123,0.4866217082500185
siglip2-base,source_only,motion_blur_5,123,0.5145816718343822
siglip2-base,source_only,brightness_1,2024,0.7995072990843789
siglip2-base,source_only,brightness_2,2024,0.7895027811570053
siglip2-base,source_only,brightness_3,2024,0.794724238752623
siglip2-base,source_only,brightness_4,2024,0.7866563913934108
siglip2-base,source_only,brightness_5,2024,0.7734433570073107
siglip2-base,source_only,gaussian_noise_1,2024,0.5331355213177555
siglip2-base,source_only,gaussian_noise_2,2024,0.5574221296441125
siglip2-base,source_only,gaussian_noise_3,2024,0.5666845253827173
siglip2-base,source_only,gaussian_noise_4,2024,0.6043938072324532
siglip2-base,source_only,gaussian_noise_5,2024,0.6396168167785125
siglip2-base,source_only,jpeg_compression_1,2024,0.39160128690940044
siglip2-base,source_only,jpeg_compression_2,2024,0.40815996582511027
siglip2-base,source_only,jpeg_compression_3,2024,0.3796689033290705
siglip2-base,source_only,jpeg_compression_4,2024,0.3695352674818676
siglip2-base,source_only,jpeg_compression_5,2024,0.3807690087234632
siglip2-base,source_only,motion_blur_1,2024,0.5240287296840699
siglip2-base,source_only,motion_blur_2,2024,0.523546298914248
siglip2-base,source_only,motion_blur_3,2024,0.49371965758664993
siglip2-base,source_only,motion_blur_4,2024,0.4959136531411728
siglip2-base,source_only,motion_blur_5,2024,0.5256468962860823
siglip2-base,tent,brightness_1,42,0.7977146415664342
siglip2-base,tent,brightness_2,42,0.7886209680062135
siglip2-base,tent,brightness_3,42,0.7878497699514122
siglip2-base,tent,brightness_4,42,0.7793060731839461
siglip2-base,tent,brightness_5,42,0.7637720774376566
siglip2-base,tent,gaussian_noise_1,42,0.5399019334491487
siglip2-base,tent,gaussian_noise_2,42,0.5599933256228411
siglip2-base,tent,gaussian_noise_3,42,0.589924429321707
siglip2-base,tent,gaussian_noise_4,42,0.6215408214736398
siglip2-base,tent,gaussian_noise_5,42,0.6367840005150315
siglip2-base,tent,jpeg_compression_1,42,0.4446188782762368
siglip2-base,tent,jpeg_compression_2,42,0.4327452893832404
siglip2-base,tent,jpeg_compression_3,42,0.401214932683178
siglip2-base,tent,jpeg_compression_4,42,0.3723311673970137
siglip2-base,tent,jpeg_compression_5,42,0.3814839839120051
siglip2-base,tent,motion_blur_1,42,0.5321129724026297
siglip2-base,tent,motion_blur_2,42,0.575394435017033
siglip2-base,tent,motion_blur_3,42,0.5487264811148503
siglip2-base,tent,motion_blur_4,42,0.5430156899102083
siglip2-base,tent,motion_blur_5,42,0.5976023689602259
siglip2-base,tent,brightness_1,123,0.8013939754154449
siglip2-base,tent,brightness_2,123,0.7944465177963542
siglip2-base,tent,brightness_3,123,0.7931934783473937
siglip2-base,tent,brightness_4,123,0.7834915155235358
siglip2-base,tent,brightness_5,123,0.7711503999210396
siglip2-base,tent,gaussian_noise_1,123,0.4795218836271871
siglip2-base,tent,gaussian_noise_2,123,0.4876768246354825
siglip2-base,tent,gaussian_noise_3,123,0.5048239237110448
siglip2-base,tent,gaussian_noise_4,123,0.5692271455717333
siglip2-base,tent,gaussian_noise_5,123,0.6139689649894616
siglip2-base,tent,jpeg_compression_1,123,0.448192637977161
siglip2-base,tent,jpeg_compression_2,123,0.4205980649789107
siglip2-base,tent,jpeg_compression_3,123,0.42368407613414616
siglip2-base,tent,jpeg_compression_4,123,0.3691573615928536
siglip2-base,tent,jpeg_compression_5,123,0.36356992850042685
siglip2-base,tent,motion_blur_1,123,0.5244118595846408
siglip2-base,tent,motion_blur_2,123,0.5030741566674719
siglip2-base,tent,motion_blur_3,123,0.48582618951919143
siglip2-base,tent,motion_blur_4,123,0.4864290449178159
siglip2-base,tent,motion_blur_5,123,0.5146198562333856
siglip2-base,tent,brightness_1,2024,0.7995078438103703
siglip2-base,tent,brightness_2,2024,0.7894827781042065
siglip2-base,tent,brightness_3,2024,0.7946724451337689
siglip2-base,tent,brightness_4,2024,0.786662910245439
siglip2-base,tent,brightness_5,2024,0.7735183238056347
siglip2-base,tent,gaussian_noise_1,2024,0.53182495523213
siglip2-base,tent,gaussian_noise_2,2024,0.5560421154595513
siglip2-base,tent,gaussian_noise_3,2024,0.5639373918387025
siglip2-base,tent,gaussian_noise_4,2024,0.5997510450982515
siglip2-base,tent,gaussian_noise_5,2024,0.6334974408956198
siglip2-base,tent,jpeg_compression_1,2024,0.39129414181966204
siglip2-base,tent,jpeg_compression_2,2024,0.40765690690708956
siglip2-base,tent,jpeg_compression_3,2024,0.37922066527762643
siglip2-base,tent,jpeg_compression_4,2024,0.3694284833276855
siglip2-base,tent,jpeg_compression_5,2024,0.3810952460127032
siglip2-base,tent,motion_blur_1,2024,0.5237239063772456
siglip2-base,tent,motion_blur_2,2024,0.5236584946086068
siglip2-base,tent,motion_blur_3,2024,0.4937925079905483
siglip2-base,tent,motion_blur_4,2024,0.49600561360444156
siglip2-base,tent,motion_blur_5,2024,0.5257761749447287
siglip2-giant,sar,brightness_1,42,0.8349772927528974
siglip2-giant,sar,brightness_2,42,0.8338009391146108
siglip2-giant,sar,brightness_3,42,0.8396223141604732
siglip2-giant,sar,brightness_4,42,0.8238987626991122
siglip2-giant,sar,brightness_5,42,0.8197692440729836
siglip2-giant,sar,gaussian_noise_1,42,0.7396276783147909
siglip2-giant,sar,gaussian_noise_2,42,0.598992277511975
siglip2-giant,sar,gaussian_noise_3,42,0.5242580503965131
siglip2-giant,sar,gaussian_noise_4,42,0.5206165124943644
siglip2-giant,sar,gaussian_noise_5,42,0.4752442218562346
siglip2-giant,sar,jpeg_compression_1,42,0.4748827649061738
siglip2-giant,sar,jpeg_compression_2,42,0.4014770441143163
siglip2-giant,sar,jpeg_compression_3,42,0.39377393992098186
siglip2-giant,sar,jpeg_compression_4,42,0.3907253853751054
siglip2-giant,sar,jpeg_compression_5,42,0.4381136354679148
siglip2-giant,sar,motion_blur_1,42,0.6630773526038857
siglip2-giant,sar,motion_blur_2,42,0.6708892948362878
siglip2-giant,sar,motion_blur_3,42,0.6693627493600411
siglip2-giant,sar,motion_blur_4,42,0.6660225163706083
siglip2-giant,sar,motion_blur_5,42,0.6674571281733892
siglip2-giant,sar,brightness_1,123,0.8376488165433197
siglip2-giant,sar,brightness_2,123,0.8364460570893518
siglip2-giant,sar,brightness_3,123,0.8388712173877477
siglip2-giant,sar,brightness_4,123,0.8197643549339624
siglip2-giant,sar,brightness_5,123,0.8109289172134002
siglip2-giant,sar,gaussian_noise_1,123,0.7579432950113046
siglip2-giant,sar,gaussian_noise_2,123,0.6255544474126157
siglip2-giant,sar,gaussian_noise_3,123,0.5458477114095379
siglip2-giant,sar,gaussian_noise_4,123,0.5380869109107871
siglip2-giant,sar,gaussian_noise_5,123,0.5195000742501641
siglip2-giant,sar,jpeg_compression_1,123,0.49724390973189714
siglip2-giant,sar,jpeg_compression_2,123,0.3841297091222775
siglip2-giant,sar,jpeg_compression_3,123,0.38084699383957554
siglip2-giant,sar,jpeg_compression_4,123,0.38033220991783845
siglip2-giant,sar,jpeg_compression_5,123,0.4266490554250476
siglip2-giant,sar,motion_blur_1,123,0.6928493695234614
siglip2-giant,sar,motion_blur_2,123,0.7024788570006608
siglip2-giant,sar,motion_blur_3,123,0.6925324640155494
siglip2-giant,sar,motion_blur_4,123,0.680856378479138
siglip2-giant,sar,motion_blur_5,123,0.6809743339811107
siglip2-giant,sar,brightness_1,2024,0.8313539049421834
siglip2-giant,sar,brightness_2,2024,0.8317759648912703
siglip2-giant,sar,brightness_3,2024,0.8336931503428217
siglip2-giant,sar,brightness_4,2024,0.8140650074401069
siglip2-giant,sar,brightness_5,2024,0.8056737044661845
siglip2-giant,sar,gaussian_noise_1,2024,0.762717255740024
siglip2-giant,sar,gaussian_noise_2,2024,0.6300497941916379
siglip2-giant,sar,gaussian_noise_3,2024,0.5387613263378057
siglip2-giant,sar,gaussian_noise_4,2024,0.5309398022859156
siglip2-giant,sar,gaussian_noise_5,2024,0.5143473146390023
siglip2-giant,sar,jpeg_compression_1,2024,0.4978018341661659
siglip2-giant,sar,jpeg_compression_2,2024,0.398277868366852
siglip2-giant,sar,jpeg_compression_3,2024,0.3765314066377139
siglip2-giant,sar,jpeg_compression_4,2024,0.3737891756276216
siglip2-giant,sar,jpeg_compression_5,2024,0.4033819955558968
siglip2-giant,sar,motion_blur_1,2024,0.7039338647733488
siglip2-giant,sar,motion_blur_2,2024,0.704200262572944
siglip2-giant,sar,motion_blur_3,2024,0.7005732893936145
siglip2-giant,sar,motion_blur_4,2024,0.6874594219277512
siglip2-giant,sar,motion_blur_5,2024,0.6682447483773409
siglip2-giant,source_only,brightness_1,42,0.8350202010871376
siglip2-giant,source_only,brightness_2,42,0.8338601445789214
siglip2-giant,source_only,brightness_3,42,0.8397019468494612
siglip2-giant,source_only,brightness_4,42,0.8238681776741855
siglip2-giant,source_only,brightness_5,42,0.8198205331505504
siglip2-giant,source_only,gaussian_noise_1,42,0.740123611145252
siglip2-giant,source_only,gaussian_noise_2,42,0.5992673194879582
siglip2-giant,source_only,gaussian_noise_3,42,0.5242539426267419
siglip2-giant,source_only,gaussian_noise_4,42,0.5203758596953134
siglip2-giant,source_only,gaussian_noise_5,42,0.4751468409228548
siglip2-giant,source_only,jpeg_compression_1,42,0.47493272788849933
siglip2-giant,source_only,jpeg_compression_2,42,0.4014929840470153
siglip2-giant,source_only,jpeg_compression_3,42,0.3936213452039169
siglip2-giant,source_only,jpeg_compression_4,42,0.39069529149656446
siglip2-giant,source_only,jpeg_compression_5,42,0.4380296940856342
siglip2-giant,source_only,motion_blur_1,42,0.6629816772879544
siglip2-giant,source_only,motion_blur_2,42,0.6707368608580399
siglip2-giant,source_only,motion_blur_3,42,0.6692793527037519
siglip2-giant,source_only,motion_blur_4,42,0.6658959345521162
siglip2-giant,source_only,motion_blur_5,42,0.6672185828388295
siglip2-giant,source_only,brightness_1,123,0.8376913141005828
siglip2-giant,source_only,brightness_2,123,0.8364373861231609
siglip2-giant,source_only,brightness_3,123,0.838871351336762
siglip2-giant,source_only,brightness_4,123,0.8197691994233123
siglip2-giant,source_only,brightness_5,123,0.8109527065583358
siglip2-giant,source_only,gaussian_noise_1,123,0.7582949915431918
siglip2-giant,source_only,gaussian_noise_2,123,0.625849626390412
siglip2-giant,source_only,gaussian_noise_3,123,0.5460468042944258
siglip2-giant,source_only,gaussian_noise_4,123,0.5369255283073294
siglip2-giant,source_only,gaussian_noise_5,123,0.5175877020331925
siglip2-giant,source_only,jpeg_compression_1,123,0.49742057062186074
siglip2-giant,source_only,jpeg_compression_2,123,0.38428218775019685
siglip2-giant,source_only,jpeg_compression_3,123,0.3809489647591779
siglip2-giant,source_only,jpeg_compression_4,123,0.3802720221607564
siglip2-giant,source_only,jpeg_compression_5,123,0.42642866464688967
siglip2-giant,source_only,motion_blur_1,123,0.6928126674935494
siglip2-giant,source_only,motion_blur_2,123,0.7022630026291197
siglip2-giant,source_only,motion_blur_3,123,0.692458800987631
siglip2-giant,source_only,motion_blur_4,123,0.6807364494616883
siglip2-giant,source_only,motion_blur_5,123,0.6807921276019563
siglip2-giant,source_only,brightness_1,2024,0.8313801276942118
siglip2-giant,source_only,brightness_2,2024,0.8318273388032129
siglip2-giant,source_only,brightness_3,2024,0.8336867743697421
siglip2-giant,source_only,brightness_4,2024,0.8141453009442319
siglip2-giant,source_only,brightness_5,2024,0.8057286592817755
siglip2-giant,source_only,gaussian_noise_1,2024,0.7628125381388469
siglip2-giant,source_only,gaussian_noise_2,2024,0.6304877896084569
siglip2-giant,source_only,gaussian_noise_3,2024,0.5390666407910156
siglip2-giant,source_only,gaussian_noise_4,2024,0.5294653093966173
siglip2-giant,source_only,gaussian_noise_5,2024,0.5127952384806342
siglip2-giant,source_only,jpeg_compression_1,2024,0.4978461266402203
siglip2-giant,source_only,jpeg_compression_2,2024,0.39840480738271566
siglip2-giant,source_only,jpeg_compression_3,2024,0.3764953743528732
siglip2-giant,source_only,jpeg_compression_4,2024,0.3734087247073363
siglip2-giant,source_only,jpeg_compression_5,2024,0.40279303959998713
siglip2-giant,source_only,motion_blur_1,2024,0.703754471323494
siglip2-giant,source_only,motion_blur_2,2024,0.7039896500728284
siglip2-giant,source_only,motion_blur_3,2024,0.7002423906786777
siglip2-giant,source_only,motion_blur_4,2024,0.6872299672662938
siglip2-giant,source_only,motion_blur_5,2024,0.6678109768194389
siglip2-giant,tent,brightness_1,42,0.8349785875933686
siglip2-giant,tent,brightness_2,42,0.8338050468843821
siglip2-giant,tent,brightness_3,42,0.8396320031391726
siglip2-giant,tent,brightness_4,42,0.8238978697056837
siglip2-giant,tent,brightness_5,42,0.8197818129554899
siglip2-giant,tent,gaussian_noise_1,42,0.7396056213771066
siglip2-giant,tent,gaussian_noise_2,42,0.5990371727565937
siglip2-giant,tent,gaussian_noise_3,42,0.5242854876196043
siglip2-giant,tent,gaussian_noise_4,42,0.5205963308428799
siglip2-giant,tent,gaussian_noise_5,42,0.47524185542364894
siglip2-giant,tent,jpeg_compression_1,42,0.47484054864184067
siglip2-giant,tent,jpeg_compression_2,42,0.40148552755188716
siglip2-giant,tent,jpeg_compression_3,42,0.3937746185959875
siglip2-giant,tent,jpeg_compression_4,42,0.39075114823551815
siglip2-giant,tent,jpeg_compression_5,42,0.4380896139446877
siglip2-giant,tent,motion_blur_1,42,0.6630998560382844
siglip2-giant,tent,motion_blur_2,42,0.6708622371354037
siglip2-giant,tent,motion_blur_3,42,0.6693314945900432
siglip2-giant,tent,motion_blur_4,42,0.6659785810939254
siglip2-giant,tent,motion_blur_5,42,0.6673452450267303
siglip2-giant,tent,brightness_1,123,0.8376499774347768
siglip2-giant,tent,brightness_2,123,0.8364373280785881
siglip2-giant,tent,brightness_3,123,0.8388594745241629
siglip2-giant,tent,brightness_4,123,0.8197598006674771
siglip2-giant,tent,brightness_5,123,0.8109226216097292
siglip2-giant,tent,gaussian_noise_1,123,0.7579040033004498
siglip2-giant,tent,gaussian_noise_2,123,0.6255402488171022
siglip2-giant,tent,gaussian_noise_3,123,0.5457650648677287
siglip2-giant,tent,gaussian_noise_4,123,0.538115843897871
siglip2-giant,tent,gaussian_noise_5,123,0.5194272059863971
siglip2-giant,tent,jpeg_compression_1,123,0.49717166656353023
siglip2-giant,tent,jpeg_compression_2,123,0.3840883635265373
siglip2-giant,tent,jpeg_compression_3,123,0.3808374834595618
siglip2-giant,tent,jpeg_compression_4,123,0.38037422525865017
siglip2-giant,tent,jpeg_compression_5,123,0.4266472247885192
siglip2-giant,tent,motion_blur_1,123,0.6928279823308484
siglip2-giant,tent,motion_blur_2,123,0.702457255489625
siglip2-giant,tent,motion_blur_3,123,0.6925591198693907
siglip2-giant,tent,motion_blur_4,123,0.6807565418138298
siglip2-giant,tent,motion_blur_5,123,0.680955581119112
siglip2-giant,tent,brightness_1,2024,0.8313547309611048
siglip2-giant,tent,brightness_2,2024,0.831764489925714
siglip2-giant,tent,brightness_3,2024,0.8336877566625134
siglip2-giant,tent,brightness_4,2024,0.8140706109738708
siglip2-giant,tent,brightness_5,2024,0.8056777229366128
siglip2-giant,tent,gaussian_noise_1,2024,0.7627142195623671
siglip2-giant,tent,gaussian_noise_2,2024,0.6300006527632666
siglip2-giant,tent,gaussian_noise_3,2024,0.5387851246126757
siglip2-giant,tent,gaussian_noise_4,2024,0.5309307294726819
siglip2-giant,tent,gaussian_noise_5,2024,0.5142763305913693
siglip2-giant,tent,jpeg_compression_1,2024,0.4977645159707882
siglip2-giant,tent,jpeg_compression_2,2024,0.3982387999043544
siglip2-giant,tent,jpeg_compression_3,2024,0.3765458195516501
siglip2-giant,tent,jpeg_compression_4,2024,0.37383507548984746
siglip2-giant,tent,jpeg_compression_5,2024,0.40345057745120694
siglip2-giant,tent,motion_blur_1,2024,0.7039394013326057
siglip2-giant,tent,motion_blur_2,2024,0.7042175866454574
siglip2-giant,tent,motion_blur_3,2024,0.700542615069345
siglip2-giant,tent,motion_blur_4,2024,0.6874781658598158
siglip2-giant,tent,motion_blur_5,2024,0.6681791580100164
siglip2-so400m,sar,brightness_1,42,0.8225256156340163
siglip2-so400m,sar,brightness_2,42,0.8242053452029908
siglip2-so400m,sar,brightness_3,42,0.8231175631179115
siglip2-so400m,sar,brightness_4,42,0.8235009787763794
siglip2-so400m,sar,brightness_5,42,0.8241255428452513
siglip2-so400m,sar,gaussian_noise_1,42,0.6920772606153629
siglip2-so400m,sar,gaussian_noise_2,42,0.5667734050186576
siglip2-so400m,sar,gaussian_noise_3,42,0.48992080103219954
siglip2-so400m,sar,gaussian_noise_4,42,0.47989960645254837
siglip2-so400m,sar,gaussian_noise_5,42,0.454598392387612
siglip2-so400m,sar,jpeg_compression_1,42,0.5674079259642574
siglip2-so400m,sar,jpeg_compression_2,42,0.5409508658551202
siglip2-so400m,sar,jpeg_compression_3,42,0.5728752469755815
siglip2-so400m,sar,jpeg_compression_4,42,0.4690064662994905
siglip2-so400m,sar,jpeg_compression_5,42,0.4051278959379243
siglip2-so400m,sar,motion_blur_1,42,0.5863650914646533
siglip2-so400m,sar,motion_blur_2,42,0.5450467588136984
siglip2-so400m,sar,motion_blur_3,42,0.5371135391437694
siglip2-so400m,sar,motion_blur_4,42,0.5278149771713098
siglip2-so400m,sar,motion_blur_5,42,0.5766150320147355
siglip2-so400m,sar,brightness_1,123,0.8173423870870734
siglip2-so400m,sar,brightness_2,123,0.8188175854411803
siglip2-so400m,sar,brightness_3,123,0.817458208334752
siglip2-so400m,sar,brightness_4,123,0.8125857504308673
siglip2-so400m,sar,brightness_5,123,0.8053822671308538
siglip2-so400m,sar,gaussian_noise_1,123,0.6654780761371102
siglip2-so400m,sar,gaussian_noise_2,123,0.5252150535939859
siglip2-so400m,sar,gaussian_noise_3,123,0.4445274402141238
siglip2-so400m,sar,gaussian_noise_4,123,0.47904425716201066
siglip2-so400m,sar,gaussian_noise_5,123,0.4651016024951409
siglip2-so400m,sar,jpeg_compression_1,123,0.5417567567046196
siglip2-so400m,sar,jpeg_compression_2,123,0.5138003561640356
siglip2-so400m,sar,jpeg_compression_3,123,0.5397466999365026
siglip2-so400m,sar,jpeg_compression_4,123,0.4461168122430337
siglip2-so400m,sar,jpeg_compression_5,123,0.3947471509491823
siglip2-so400m,sar,motion_blur_1,123,0.5714933396449517
siglip2-so400m,sar,motion_blur_2,123,0.5036573260259648
siglip2-so400m,sar,motion_blur_3,123,0.5104191079864311
siglip2-so400m,sar,motion_blur_4,123,0.5086637865237329
siglip2-so400m,sar,motion_blur_5,123,0.5616219089931971
siglip2-so400m,sar,brightness_1,2024,0.8083929498254266
siglip2-so400m,sar,brightness_2,2024,0.8108895719229396
siglip2-so400m,sar,brightness_3,2024,0.80903701240581
siglip2-so400m,sar,brightness_4,2024,0.8077794544101013
siglip2-so400m,sar,brightness_5,2024,0.8012973847812493
siglip2-so400m,sar,gaussian_noise_1,2024,0.6520043323195546
siglip2-so400m,sar,gaussian_noise_2,2024,0.5060566207697037
siglip2-so400m,sar,gaussian_noise_3,2024,0.4212824328176903
siglip2-so400m,sar,gaussian_noise_4,2024,0.41451646271804415
siglip2-so400m,sar,gaussian_noise_5,2024,0.41623104135556643
siglip2-so400m,sar,jpeg_compression_1,2024,0.5519752269275315
siglip2-so400m,sar,jpeg_compression_2,2024,0.5053797719355924
siglip2-so400m,sar,jpeg_compression_3,2024,0.5278372394974826
siglip2-so400m,sar,jpeg_compression_4,2024,0.4284412575163437
siglip2-so400m,sar,jpeg_compression_5,2024,0.3743042274473873
siglip2-so400m,sar,motion_blur_1,2024,0.5603486298481792
siglip2-so400m,sar,motion_blur_2,2024,0.49581262879460475
siglip2-so400m,sar,motion_blur_3,2024,0.5014269588490985
siglip2-so400m,sar,motion_blur_4,2024,0.49261633741591465
siglip2-so400m,sar,motion_blur_5,2024,0.5325997699103169
siglip2-so400m,source_only,brightness_1,42,0.8225472707246578
siglip2-so400m,source_only,brightness_2,42,0.8241808771830494
siglip2-so400m,source_only,brightness_3,42,0.8231387092022988
siglip2-so400m,source_only,brightness_4,42,0.8235253307071752
siglip2-so400m,source_only,brightness_5,42,0.8241299854875582
siglip2-so400m,source_only,gaussian_noise_1,42,0.6924483976141889
siglip2-so400m,source_only,gaussian_noise_2,42,0.5672987262628512
siglip2-so400m,source_only,gaussian_noise_3,42,0.4905377969817646
siglip2-so400m,source_only,gaussian_noise_4,42,0.48061296978795187
siglip2-so400m,source_only,gaussian_noise_5,42,0.45566960051465794
siglip2-so400m,source_only,jpeg_compression_1,42,0.5675694461506403
siglip2-so400m,source_only,jpeg_compression_2,42,0.5412328196002402
siglip2-so400m,source_only,jpeg_compression_3,42,0.573391361457527
siglip2-so400m,source_only,jpeg_compression_4,42,0.46950131860790306
siglip2-so400m,source_only,jpeg_compression_5,42,0.4055270193507999
siglip2-so400m,source_only,motion_blur_1,42,0.5864181709940444
siglip2-so400m,source_only,motion_blur_2,42,0.5454131540174189
siglip2-so400m,source_only,motion_blur_3,42,0.5375795700892766
siglip2-so400m,source_only,motion_blur_4,42,0.5282639206875622
siglip2-so400m,source_only,motion_blur_5,42,0.5774588661550124
siglip2-so400m,source_only,brightness_1,123,0.8174490462221755
siglip2-so400m,source_only,brightness_2,123,0.8188829972098192
siglip2-so400m,source_only,brightness_3,123,0.8175474764228339
siglip2-so400m,source_only,brightness_4,123,0.8126664948966739
siglip2-so400m,source_only,brightness_5,123,0.8053761858456054
siglip2-so400m,source_only,gaussian_noise_1,123,0.6666898324998703
siglip2-so400m,source_only,gaussian_noise_2,123,0.5264773265949972
siglip2-so400m,source_only,gaussian_noise_3,123,0.4459971689834811
siglip2-so400m,source_only,gaussian_noise_4,123,0.4812664936337104
siglip2-so400m,source_only,gaussian_noise_5,123,0.4667702678755358
siglip2-so400m,source_only,jpeg_compression_1,123,0.5420456311488104
siglip2-so400m,source_only,jpeg_compression_2,123,0.5144694850699576
siglip2-so400m,source_only,jpeg_compression_3,123,0.5405096913816959
siglip2-so400m,source_only,jpeg_compression_4,123,0.44698949007105176
siglip2-so400m,source_only,jpeg_compression_5,123,0.3953436705594314
siglip2-so400m,source_only,motion_blur_1,123,0.5716214842019438
siglip2-so400m,source_only,motion_blur_2,123,0.5043281873391381
siglip2-so400m,source_only,motion_blur_3,123,0.5111341054998089
siglip2-so400m,source_only,motion_blur_4,123,0.5093579996150618
siglip2-so400m,source_only,motion_blur_5,123,0.562948205158066
siglip2-so400m,source_only,brightness_1,2024,0.8083893778517126
siglip2-so400m,source_only,brightness_2,2024,0.8108661219155068
siglip2-so400m,source_only,brightness_3,2024,0.8090061818076907
siglip2-so400m,source_only,brightness_4,2024,0.8077956533108948
siglip2-so400m,source_only,brightness_5,2024,0.8014063210495941
siglip2-so400m,source_only,gaussian_noise_1,2024,0.6522953097632695
siglip2-so400m,source_only,gaussian_noise_2,2024,0.5068150088337731
siglip2-so400m,source_only,gaussian_noise_3,2024,0.4218579894072051
siglip2-so400m,source_only,gaussian_noise_4,2024,0.41534215569682087
siglip2-so400m,source_only,gaussian_noise_5,2024,0.41714312251861774
siglip2-so400m,source_only,jpeg_compression_1,2024,0.55235201657476
siglip2-so400m,source_only,jpeg_compression_2,2024,0.5057164081333074
siglip2-so400m,source_only,jpeg_compression_3,2024,0.5284679920108141
siglip2-so400m,source_only,jpeg_compression_4,2024,0.42892588504999973
siglip2-so400m,source_only,jpeg_compression_5,2024,0.37460012081992633
siglip2-so400m,source_only,motion_blur_1,2024,0.5604242887164104
siglip2-so400m,source_only,motion_blur_2,2024,0.4963578459323857
siglip2-so400m,source_only,motion_blur_3,2024,0.5020098156598913
siglip2-so400m,source_only,motion_blur_4,2024,0.49313204112088305
siglip2-so400m,source_only,motion_blur_5,2024,0.5336340795488965
siglip2-so400m,tent,brightness_1,42,0.8225406625732868
siglip2-so400m,tent,brightness_2,42,0.8241969957144342
siglip2-so400m,tent,brightness_3,42,0.8231165361754688
siglip2-so400m,tent,brightness_4,42,0.8235024522155365
siglip2-so400m,tent,brightness_5,42,0.8241328430665296
siglip2-so400m,tent,gaussian_noise_1,42,0.6921175346189891
siglip2-so400m,tent,gaussian_noise_2,42,0.5667741640630719
siglip2-so400m,tent,gaussian_noise_3,42,0.4899750503829819
siglip2-so400m,tent,gaussian_noise_4,42,0.4799226233581684
siglip2-so400m,tent,gaussian_noise_5,42,0.4546251821904675
siglip2-so400m,tent,jpeg_compression_1,42,0.567471261523175
siglip2-so400m,tent,jpeg_compression_2,42,0.5409329702668129
siglip2-so400m,tent,jpeg_compression_3,42,0.5729130205976077
siglip2-so400m,tent,jpeg_compression_4,42,0.4690070020955476
siglip2-so400m,tent,jpeg_compression_5,42,0.40515138166509435
siglip2-so400m,tent,motion_blur_1,42,0.5863835317789522
siglip2-so400m,tent,motion_blur_2,42,0.545039547891763
siglip2-so400m,tent,motion_blur_3,42,0.5370864367932139
siglip2-so400m,tent,motion_blur_4,42,0.5278627523197353
siglip2-so400m,tent,motion_blur_5,42,0.5767422389286277
siglip2-so400m,tent,brightness_1,123,0.8173580591217439
siglip2-so400m,tent,brightness_2,123,0.8188220950579943
siglip2-so400m,tent,brightness_3,123,0.8174507518396239
siglip2-so400m,tent,brightness_4,123,0.8125681138106541
siglip2-so400m,tent,brightness_5,123,0.8053638268165548
siglip2-so400m,tent,gaussian_noise_1,123,0.6654392532478055
siglip2-so400m,tent,gaussian_noise_2,123,0.525190478414833
siglip2-so400m,tent,gaussian_noise_3,123,0.444584502494206
siglip2-so400m,tent,gaussian_noise_4,123,0.47910306077927844
siglip2-so400m,tent,gaussian_noise_5,123,0.4651472478542395
siglip2-so400m,tent,jpeg_compression_1,123,0.5417509968970057
siglip2-so400m,tent,jpeg_compression_2,123,0.5139278220460222
siglip2-so400m,tent,jpeg_compression_3,123,0.5397436191091742
siglip2-so400m,tent,jpeg_compression_4,123,0.4461140886130767
siglip2-so400m,tent,jpeg_compression_5,123,0.39473176913737607
siglip2-so400m,tent,motion_blur_1,123,0.5714498508649829
siglip2-so400m,tent,motion_blur_2,123,0.5036727301626067
siglip2-so400m,tent,motion_blur_3,123,0.5104469693814009
siglip2-so400m,tent,motion_blur_4,123,0.5087408518566138
siglip2-so400m,tent,motion_blur_5,123,0.5616803777379292
siglip2-so400m,tent,brightness_1,2024,0.808402415555769
siglip2-so400m,tent,brightness_2,2024,0.8108564865164132
siglip2-so400m,tent,brightness_3,2024,0.8090523272431092
siglip2-so400m,tent,brightness_4,2024,0.8077922242161293
siglip2-so400m,tent,brightness_5,2024,0.801312342421177
siglip2-so400m,tent,gaussian_noise_1,2024,0.6519385946083143
siglip2-so400m,tent,gaussian_noise_2,2024,0.5060972966203726
siglip2-so400m,tent,gaussian_noise_3,2024,0.4212794859393762
siglip2-so400m,tent,gaussian_noise_4,2024,0.41451465440635143
siglip2-so400m,tent,gaussian_noise_5,2024,0.41626861405407134
siglip2-so400m,tent,jpeg_compression_1,2024,0.5519249067478347
siglip2-so400m,tent,jpeg_compression_2,2024,0.5052973039924687
siglip2-so400m,tent,jpeg_compression_3,2024,0.5278489823610677
siglip2-so400m,tent,jpeg_compression_4,2024,0.4284074577150743
siglip2-so400m,tent,jpeg_compression_5,2024,0.37435177934745584
siglip2-so400m,tent,motion_blur_1,2024,0.5603220186440094
siglip2-so400m,tent,motion_blur_2,2024,0.495766416384679
siglip2-so400m,tent,motion_blur_3,2024,0.5014052591087854
siglip2-so400m,tent,motion_blur_4,2024,0.4927355520386216
siglip2-so400m,tent,motion_blur_5,2024,0.5325365683004137
